Country,Year,Life expectancy
Azerbaijan,2015,74.6
Azerbaijan,2014,74.6
Azerbaijan,2013,74.6
Azerbaijan,2012,74.4
Azerbaijan,2011,74.3
Azerbaijan,2010,74.4
Belgium,2015,82.9
Belgium,2014,84.4
Belgium,2013,83.8
Belgium,2012,84.2
Belgium,2011,82.2
Belgium,2010,82.7
Belize,2015,72.1
Belize,2014,71.8
Belize,2013,74.0
Belize,2012,71.4
Belize,2011,70.4
Belize,2010,71.2
Bhutan,2015,68.8
Bhutan,2014,68.1
Bhutan,2013,66.9
Bhutan,2012,66.5
Bhutan,2011,66.5
Bhutan,2010,65.4
Bolivia (Plurinational State of),2015,69.6
Bolivia (Plurinational State of),2014,69.9
Bolivia (Plurinational State of),2013,69.5
Bolivia (Plurinational State of),2012,69.1
Bolivia (Plurinational State of),2011,69.0
Bolivia (Plurinational State of),2010,69.8
Bulgaria,2015,74.9
Bulgaria,2014,74.7
Bulgaria,2013,76.1
Bulgaria,2012,74.5
Bulgaria,2011,74.4
Bulgaria,2010,74.1
Canada,2015,83.0
Canada,2014,84.7
Canada,2013,84.5
Canada,2012,84.7
Canada,2011,84.9
Canada,2010,83.3
Colombia,2015,75.1
Colombia,2014,74.9
Colombia,2013,74.7
Colombia,2012,74.6
Colombia,2011,74.5
Colombia,2010,74.4
Czechia,2015,77.5
Czechia,2014,77.6
Czechia,2013,76.6
Czechia,2012,77.2
Czechia,2011,77.0
Czechia,2010,76.7
Democratic Republic of the Congo,2015,59.2
Democratic Republic of the Congo,2014,58.1
Democratic Republic of the Congo,2013,57.9
Democratic Republic of the Congo,2012,57.4
Democratic Republic of the Congo,2011,58.1
Democratic Republic of the Congo,2010,58.3
El Salvador,2015,71.5
El Salvador,2014,71.0
El Salvador,2013,70.9
El Salvador,2012,71.0
El Salvador,2011,70.1
El Salvador,2010,70.5
Ethiopia,2015,62.8
Ethiopia,2014,62.3
Ethiopia,2013,60.4
Ethiopia,2012,59.8
Ethiopia,2011,59.6
Ethiopia,2010,60.9
Fiji,2015,71.2
Fiji,2014,74.1
Fiji,2013,71.4
Fiji,2012,70.8
Fiji,2011,70.4
Fiji,2010,73.3
Gambia,2015,63.5
Gambia,2014,63.8
Gambia,2013,63.0
Gambia,2012,62.9
Gambia,2011,62.3
Gambia,2010,61.7
Guatemala,2015,70.4
Guatemala,2014,70.7
Guatemala,2013,70.8
Guatemala,2012,70.9
Guatemala,2011,71.2
Guatemala,2010,71.3
Guinea-Bissau,2015,60.7
Guinea-Bissau,2014,60.7
Guinea-Bissau,2013,59.8
Guinea-Bissau,2012,58.1
Guinea-Bissau,2011,57.9
Guinea-Bissau,2010,57.5
Guyana,2015,68.2
Guyana,2014,67.6
Guyana,2013,67.7
Guyana,2012,72.0
Guyana,2011,66.4
Guyana,2010,66.3
Indonesia,2015,73.3
Indonesia,2014,71.2
Indonesia,2013,70.0
Indonesia,2012,69.9
Indonesia,2011,69.1
Indonesia,2010,68.9
Japan,2015,82.4
Japan,2014,83.0
Japan,2013,82.7
Japan,2012,82.7
Japan,2011,83.5
Japan,2010,82.4
Madagascar,2015,66.8
Madagascar,2014,64.6
Madagascar,2013,66.8
Madagascar,2012,62.8
Madagascar,2011,63.2
Madagascar,2010,62.1
Malawi,2015,57.4
Malawi,2014,55.4
Malawi,2013,54.2
Malawi,2012,58.1
Malawi,2011,53.8
Malawi,2010,52.5
Myanmar,2015,65.8
Myanmar,2014,66.5
Myanmar,2013,66.7
Myanmar,2012,64.8
Myanmar,2011,64.0
Myanmar,2010,63.1
Nepal,2015,67.6
Nepal,2014,70.0
Nepal,2013,69.0
Nepal,2012,66.6
Nepal,2011,68.9
Nepal,2010,67.0
Niger,2015,62.8
Niger,2014,60.9
Niger,2013,59.1
Niger,2012,57.5
Niger,2011,57.6
Niger,2010,56.3
Norway,2015,82.5
Norway,2014,84.0
Norway,2013,84.1
Norway,2012,83.6
Norway,2011,84.1
Norway,2010,84.0
Paraguay,2015,74.0
Paraguay,2014,73.8
Paraguay,2013,73.0
Paraguay,2012,72.9
Paraguay,2011,75.1
Paraguay,2010,73.0
Peru,2015,75.4
Peru,2014,74.9
Peru,2013,75.3
Peru,2012,74.7
Peru,2011,74.4
Peru,2010,74.7
Slovakia,2015,80.5
Slovakia,2014,78.9
Slovakia,2013,78.8
Slovakia,2012,78.4
Slovakia,2011,78.1
Slovakia,2010,77.7
Slovenia,2015,84.0
Slovenia,2014,82.3
Slovenia,2013,83.1
Slovenia,2012,81.2
Slovenia,2011,79.8
Slovenia,2010,79.2
Solomon Islands,2015,68.4
Solomon Islands,2014,67.8
Solomon Islands,2013,67.8
Solomon Islands,2012,68.0
Solomon Islands,2011,68.2
Solomon Islands,2010,67.6
South Sudan,2015,57.1
South Sudan,2014,56.6
South Sudan,2013,56.5
South Sudan,2012,56.8
South Sudan,2011,56.7
South Sudan,2010,54.3
Swaziland,2015,57.3
Swaziland,2014,57.0
Swaziland,2013,56.0
Swaziland,2012,55.5
Swaziland,2011,55.2
Swaziland,2010,54.6
The former Yugoslav republic of Macedonia,2015,75.6
The former Yugoslav republic of Macedonia,2014,74.7
The former Yugoslav republic of Macedonia,2013,74.7
The former Yugoslav republic of Macedonia,2012,74.7
The former Yugoslav republic of Macedonia,2011,74.3
The former Yugoslav republic of Macedonia,2010,74.6
Togo,2015,63.4
Togo,2014,63.3
Togo,2013,62.9
Togo,2012,62.8
Togo,2011,62.2
Togo,2010,59.4
United Republic of Tanzania,2015,60.5
United Republic of Tanzania,2014,61.3
United Republic of Tanzania,2013,59.5
United Republic of Tanzania,2012,55.9
United Republic of Tanzania,2011,55.3
United Republic of Tanzania,2010,60.0
